SKUCode,Machines
1325213612065SULX0,"[8001, 8002, 8003, 6909, 6911, 8301]"
1325213612065SULX1,"[8001, 8002, 8003, 6909, 6911, 8301]"
1325214813075SUNE0,"[7102, 7103, 7201, 7105]"
1325215512071SULX0,"[8001, 8002, 8003, 6909, 6911, 8301]"
1D25115013008QXPC0,"[6802, 8301, 8302, 8501, 8502]"
1D25215Z13008QXPC0,"[6802, 8301, 8302, 8501, 8502]"
1325216614081SVEC0,"[7801, 7802, 7803, 7804, 6909, 6911, 6801, 6802, 6803, 8301, 8302, 8501, 8502, 7102, 7103, 7201, 7105, 7106]"
1325216513077TUSP0,"[7801, 7802, 7803, 8001, 8002, 8003, 6909, 6911, 6801, 8301, 8302, 8501, 8502, 7501, 7502, 7503]"
1225221715115SSTLT,"[7101, 7102, 7104, 7105]"
1325217614084HURL0,"[7801, 7802, 7803, 6909, 6911, 6801, 6802, 6803, 8301, 8302, 8501, 8502]"
1325216814085STMX0,"[7801, 7802, 7803, 6801, 6802, 6803, 8301, 8302, 8501, 8502, 7501, 7502, 7503, 7102, 7103, 7104, 7201, 7105, 7106, 7001, 7002, 7003, 7004, 6001, 6002, 6003, 6004]"
1D25214012006QXC10,"[7801, 7802, 7803, 6909, 8301, 8302, 8501, 8201]"
1325217415081HUTR0,"[7001, 7002, 7003]"
1325217514082HURL0,"[7801, 7802, 7803, 6801, 6802, 6803, 8301, 8302, 8501, 8502, 7102, 7103, 7104, 7201, 7105, 7106]"
1325217514082HURL1,"[7801, 7802, 7803, 6801, 6802, 6803, 8301, 8302, 8501, 8502, 7102, 7103, 7104, 7201, 7105, 7106]"
1325217514082TTMX0,"[7801, 7802, 7803, 6801, 6802, 6803, 8301, 8302, 8501, 8502, 7501, 7502, 7503, 7102, 7103, 7104, 7201, 7105, 7106, 7001, 7002, 7003]"
1325217614084HURL2,"[7102, 7103, 7104, 7201, 7105, 7106, 7001, 7002, 7003, 7004, 6001, 6002, 6003, 6004]"
1325213615099MSXT0,"[7801, 6911, 8301, 8302]"
1325217614084TVEC0,"[7501, 7502, 7503, 7102, 7103, 7104, 7201, 7105, 7106]"
1325217413077TUSP0,"[7801, 7802, 7803, 8001, 8002, 8003, 6909, 6911, 6801, 8301, 8302, 8501, 8502, 7501, 7502, 7503]"
1325117613082TTOR0,"[7801, 7802, 7803, 8001, 8002, 8003, 6909, 6911, 6801, 8301, 8302, 8501, 8502, 7501, 7502, 7503]"
1325217613082TTOR0,"[7801, 7802, 7803, 8001, 8002, 8003, 6909, 6911, 6801, 8301, 8302, 8501, 8502, 7501, 7502, 7503]"
1325217613086TTOR0,"[7801, 7802, 7803, 8001, 8002, 8003, 6909, 6911, 6801, 8301, 8302, 8501, 8502, 7501, 7502, 7503]"
1325217613082TUXP0,"[7801, 7802, 7803, 8001, 8002, 8003, 6909, 6911, 6801, 8301, 8302, 8501, 8502, 7501, 7502, 7503]"
1325218515088HURL0,"[7502, 7503, 7101, 7102, 7103, 7104, 7201, 7105, 7106, 7001, 7002, 7003]"
1325218413080TUSP0,"[7801, 7802, 7803, 8001, 8002, 8003, 6909, 6911, 6801, 8301, 8302, 8501, 8502, 7501, 7502, 7503]"
1325218414082HUSP0,"[7801, 7802, 7803, 6909, 6801, 6802, 6803, 8301, 8302, 8501, 8502]"
1325118613091TURO0,"[7801, 7802, 7803, 6801, 6802, 6803, 8301, 8302, 8501, 8502]"
1325218613086TURO0,"[7801, 7802, 7803, 6801, 6802, 6803, 8301, 8302, 8501, 8502]"
1325218614088HURL0,"[7102, 7103, 7201, 7105, 7106]"
1325218614088HURL1,"[7102, 7103, 7201, 7105, 7106]"
1325217515084HURL0,"[7102, 7103, 7104, 7201, 7105, 7106, 7001, 7002, 7003, 7004, 6001, 6002, 6003, 6004]"
1325217614084HURL1,"[7801, 7802, 7803, 6801, 6802, 6803, 8301, 8302, 8501, 8502]"
1325217515084HURL1,"[7102, 7103, 7104, 7201, 7105, 7106, 7001, 7002, 7003, 7004, 6001, 6002, 6003, 6004]"
1325218515088HURL1,"[7502, 7503, 7101, 7102, 7103, 7104, 7201, 7105, 7106, 7001, 7002, 7003, 7004, 6001, 6002, 6003, 6004]"
1325219515091VURL1,"[7001, 7002, 7003, 7004, 6001, 6002, 6003, 6004]"
1325219515091VURL0,"[7001, 7002, 7003, 7004, 6001, 6002, 6003, 6004]"
1325220515094VURL1,"[7102, 7103, 7104, 7201, 7105, 7106, 7001, 7002, 7003, 7004, 6001, 6002, 6003, 6004]"
1325221416095VURLT,"[7102, 7103, 7104, 7201, 7105, 7106, 7001, 7002, 7003, 7004, 6001, 6002, 6003, 6004]"
1325221416095VURL0,"[7102, 7103, 7104, 7201, 7105, 7106, 7001, 7002, 7003, 7004, 6001, 6002, 6003, 6004]"
1325219515091VZEP0,"[7502, 7503, 7001, 7002, 7003, 7004, 6001, 6002, 6003, 6004]"
1325219515091VVEC0,"[7502, 7503, 7001, 7002, 7003, 7004, 6001, 6002, 6003, 6004]"
1325219515091HVEC0,"[7502, 7503, 7001, 7002, 7003, 7004, 6001, 6002, 6003, 6004]"
1325119614095SU210,"[7801, 7802, 7803, 7804, 6801, 6802, 6803, 8301, 8302, 8501, 8502, 7502, 7503]"
1325219614095SU210,"[7801, 7802, 7803, 7804, 6801, 6802, 6803, 8301, 8302, 8501, 8502, 7502, 7503]"
1325119615092STOR0,"[7801, 7802, 7803, 7804, 6801, 6802, 6803, 8301, 8302, 8501, 8502]"
1325119815106QBRQ0,"[7801, 7802, 7803, 7804, 6802, 6803, 8501, 8502, 7101, 7102, 7103, 7104, 7201, 7105, 7106]"
1325121715100SBRT0,"[7801, 7802, 7803, 7804, 6802, 6803, 8501, 8502, 7101, 7102, 7103, 7104, 7201, 7105, 7106]"
1325221715100SBRU0,"[7803, 7804, 7701, 8101, 7601, 8501, 8502, 7101, 7102, 7104, 7105, 7106]"
1325121715115SLTB0,"[7803, 7804, 7701, 8101, 7601, 8501, 8502, 7101, 7102, 7104, 7105, 7106]"
1225220Z16008RXC10,"[7801, 7802, 7803, 7804, 6802, 6803, 8501, 8502]"
1325220416092VURL0,"[7001, 7002, 7003, 7004, 6001, 6002, 6003, 6004]"
1225221615008QXC10,"[7801, 7802, 7803, 7804, 6802, 6803, 8501, 8502]"
1225222615008RXC10,"[7801, 7802, 7803, 7804, 6802, 6803, 8501, 8502]"
1325220515094VURL0,"[7102, 7103, 7104, 7201, 7105, 7106, 7001, 7002, 7003, 7004, 6001, 6002, 6003, 6004]"
1325220515094VZEP0,"[7502, 7503, 7001, 7002, 7003, 7004, 6001, 6002, 6003, 6004]"
1325218413080TULX0,"[7801, 7802, 7803, 7804, 6802, 6803, 8301, 8302, 8501, 8502]"
1F25202013054DZZZ0,"[7801, 7802, 7803, 7804, 6802, 6803, 8301, 8302, 8501, 8502]"
1325220313105S2050,"[7801, 7802, 7803, 7804, 6802, 6803, 8301, 8302, 8501, 8502]"
1F25202013054WZZZ0,"[7801, 7802, 7803, 7804, 6802, 6803, 8301, 8302, 8501, 8502]"
1F25202213054DZZZ0,"[7801, 7802, 7803, 7804, 6802, 6803, 8301, 8302, 8501, 8502]"
1F25202213054WZZZ0,"[7801, 7802, 7803, 7804, 6802, 6803, 8301, 8302, 8501, 8502]"
1325220313105S2250,"[7801, 7802, 7803, 7804, 6802, 6803, 8301, 8302, 8501, 8502]"
1D25121716008SXC10,"[7801, 7802, 7803, 7804, 6802, 6803, 8501, 8502]"
1D25221716008SXC10,"[7801, 7802, 7803, 7804, 6802, 6803, 8501, 8502]"
1325123715105SBRT0,"[7801, 7802, 7803, 7804, 6802, 6803, 8501, 8502, 7101, 7102, 7103, 7104, 7201, 7105, 7106]"
1325223715105SBRT0,"[7801, 7802, 7803, 7804, 6802, 6803, 8501, 8502, 7101, 7102, 7103, 7104, 7201, 7105, 7106]"
1225121Z14112LSTL0,"[7803, 7804, 8501, 8502]"
1225170015010LSTL0,"[8501, 8502, 7301, 7101, 7102, 7104, 7105, 7106]"
1225170015012LSTL0,"[7803, 7804, 7701, 8101, 7601, 8501, 8502, 7301, 7101, 7102, 7104, 7105, 7106]"
1225222716121MXC10,"[7803, 7804, 8501, 8502]"
1325220415091VZEP0,"[7502, 7503, 7001, 7002, 7003, 7004, 6001, 6002, 6003, 6004]"
1325217514082TVECR,"[7102, 7103, 7104, 7201, 7105, 7106]"
1325217514082TVECH,"[7102, 7103, 7104, 7201, 7105, 7106]"
1325219316087VURL0,"[7001, 7002, 7003, 7004, 6001, 6002, 6003, 6004]"
1325119015008SRBT0,"[7801, 7802, 7803, 7804, 6802, 6803, 8501, 8502, 7101, 7102, 7103, 7104, 7201, 7105, 7106]"
1D25114012008QXPC0,"[7801, 7802, 7803, 7804, 6909, 8301, 8302, 8501, 8502, 8201]"
1225223516121PSKP0,"[7101, 7102, 7103, 7104, 7201, 7105, 7106]"
1225121715115SSTL0,"[7101, 7102, 7104, 7105, 7106]"
1325221317098VUX10,"[7001, 7002, 7003, 7004, 6001, 6002, 6003, 6004]"
1325216614081SVECE,"[7801, 7802, 7803, 7804, 6909, 6911, 6801, 6802, 6803, 8301, 8302, 8501, 8502, 7102, 7103, 7201, 7105, 7106, 7001, 7002, 7003, 7004, 6001, 6002, 6003, 6004]"
1225221715115SSTL0,"[7101, 7102, 7104, 7105, 7106]"
1325213612069SULXT,"[8001, 8002, 8003, 6909, 6911, 8301]"
1325218413085TUSP0,"[7801, 7802, 7803, 8001, 8002, 8003, 6909, 6911, 6801, 8301, 8302, 8501, 8502, 7501, 7502, 7503]"
1325216513081TUSP0,"[7801, 7802, 7803, 8001, 8002, 8003, 6909, 6911, 6801, 8301, 8302, 8501, 8502, 7501, 7502, 7503]"
1325216814085TURL0,"[7102, 7103, 7104, 7201, 7105, 7106, 7001, 7002, 7003, 7004, 6001, 6002, 6003, 6004]"
1325218515088TURL0,"[7102, 7103, 7104, 7201, 7105, 7106, 7001, 7002, 7003, 7004, 6001, 6002, 6003, 6004]"
1325220316094VUX10,"[7001, 7002, 7003, 7004, 6001, 6002, 6003, 6004]"
1225222716121MXC11,"[7803, 7804, 8501, 8502]"
1325218415008QULX0,"[7801, 7802, 7803, 7804, 6802, 6803, 8501, 8502]"
1325219415088SXRG1,"[7801, 7802, 7803, 7804, 6802, 6803, 8501, 8502]"
1325219415088SXRG2,"[7801, 7802, 7803, 7804, 6802, 6803, 8501, 8502]"
1325216614081TVECE,"[7801, 7802, 7803, 7804, 6909, 6911, 6801, 6802, 6803, 8301, 8302, 8501, 8502, 7102, 7103, 7201, 7105, 7106]"
1325216813083TUNE0,"[7801, 7802, 7803, 7804, 6909, 6911, 6801, 6802, 6803, 8301, 8302, 8501, 8502]"
1225216Z13008RXC10,"[7801, 7802, 7803, 7804, 6909, 6802, 6803, 8301, 8302, 8501, 8502]"
1325121715100SRBT0,"[7101, 7102, 7103, 7104, 7201, 7105, 7106]"
1325214813075SUNE1,"[7102, 7103, 7201, 7105, 7106]"
1225121716010SXC10,"[7801, 7802, 7803, 7804, 6802, 6803, 8501, 8502]"
1325218515088TURLS,"[7101, 7102, 7103, 7104, 7201, 7105, 7106, 7001, 7002, 7003, 7004, 6001, 6002, 6003, 6004]"
1325215613075TUHL0,"[7501, 7502, 7503]"
1225119015107SLTB0,"[7801, 7802, 7803, 7804, 8501, 8502]"
1325217514082HVEC0,"[7102, 7103, 7104, 7201, 7105, 7106, 7001, 7002, 7003, 7004, 6001, 6002, 6003, 6004]"
1225219015008SLTB0,"[7801, 7802, 7803, 7804, 8501, 8502]"
1325220413087VZEP0,"[7801, 7802, 7803, 6802, 6803, 8301, 8302, 8501, 8502]"
1325214812074TUHL0,"[7801, 7802, 7803, 8001, 8002, 8003, 6909, 6911, 8301, 8302, 8501, 8201, 7501]"
1325215813079SUHL0,"[7501, 7502, 7503]"
1325218514086HUSPE,"[7801, 7802, 7803, 6801, 6802, 6803, 8301, 8302, 8501, 8502]"
1325217614084TVECE,"[7102, 7103, 7104, 7201, 7105, 7106]"
1F25218515642DXRG1,"[7801, 7802, 7803, 7804, 6802, 6803, 8501, 8502]"
1F25218515642DXRG2,"[7801, 7802, 7803, 7804, 6802, 6803, 8501, 8502]"
1325219414086VZEP0,"[7801, 7802, 7803, 7804, 6801, 6802, 6803, 8301, 8302, 8501, 8502]"
1325218515088HURLE,"[7101, 7102, 7103, 7104, 7201, 7105, 7106, 7001, 7002, 7003, 7004, 6001, 6002, 6003, 6004]"
1225223516115PSKP0,"[7101, 7102, 7103, 7104, 7201, 7105, 7106]"
1325217514082HURP0,"[7502, 7503, 7103, 7104, 7201, 7105, 7106]"
1325114812074TUHL0,"[7801, 7802, 7803, 8001, 8002, 8003, 6909, 6911, 8301, 8302, 8501, 8201, 7501]"
1325217515084HURP0,"[7502, 7503, 7103, 7104, 7201, 7105, 7106, 7001, 7002, 7003, 7004, 6001, 6002, 6003, 6004]"
1325216814085TURLT,"[7102, 7103, 7104, 7201, 7105, 7106, 7001, 7002, 7003, 7004, 6001, 6002, 6003, 6004]"
1325220515094VUTR0,"[7101, 7102, 7103, 7104, 7201, 7105, 7106, 7001, 7002, 7003, 7004, 6001, 6002, 6003, 6004]"
1325220516095HUTR0,"[7001, 7002, 7003, 7004, 6001, 6002, 6003, 6004]"
1325215813079TTMX0,"[7501, 7502, 7503]"
1325215613075TTMX0,"[7501, 7502, 7503]"
1325214812074TTMX0,"[7801, 7802, 7803, 8001, 8002, 8003, 6909, 6911, 8301, 8302, 8501, 8201, 7501]"
1325214612069TUHL0,"[7801, 7802, 7803, 8001, 8002, 8003, 6909, 6911, 8301, 8302, 8501, 8201]"
1325220515094VTMX0,"[7001, 7002, 7003, 7004, 6001, 6002, 6003, 6004]"
1325215813079STMX0,"[7501, 7502, 7503]"
1225221716010SXC10,"[7801, 7802, 7803, 7804, 6802, 6803, 8501, 8502]"
1325219316087VUTR0,"[7001, 7002, 7003, 7004, 6001, 6002, 6003, 6004]"
1325221417096HRHT0,"[7001, 7002, 7003, 7004, 6001, 6002, 6003, 6004]"
1325223517104HETR0,"[7001, 7002, 7003, 7004, 6001, 6002, 6003, 6004]"
1325220515094VURL2,"[7001, 7002, 7003, 7004, 6001, 6002, 6003, 6004]"
1325220515094VUTP0,"[7001, 7002, 7003, 7004, 6001, 6002, 6003, 6004]"
1325218415084TUTR0,"[7502, 7503, 7101, 7102, 7103, 7104, 7201, 7105, 7106, 7001, 7002, 7003, 7004, 6001, 6002, 6003, 6004]"
1325218515088HUTR0,"[7101, 7102, 7103, 7104, 7201, 7105, 7106, 7001, 7002, 7003, 7004, 6001, 6002, 6003, 6004]"
1325214613071TTMX0,"[7501, 7502, 7503]"
1D25213812090FXPC0,"[7801, 7802, 7803, 8301, 8302, 8501, 8201]"
1325217614084TVECL,"[7102, 7103, 7104, 7201, 7105, 7106]"
1325221715100SRXT0,"[7801, 7802, 7803, 7804, 6802, 6803, 8501, 8502, 7101, 7102, 7103, 7104, 7201, 7105, 7106]"
1225175016012NJTL0,[7101]
1325223715105SRXT0,"[7801, 7802, 7803, 7804, 6802, 6803, 8501, 8502]"
1325220316091VURL1,"[7001, 7002, 7003, 7004, 6001, 6002, 6003, 6004]"
1325220515094VZEPT,"[7502, 7503, 7001, 7002, 7003, 7004, 6001, 6002, 6003, 6004]"
1325217514082TVECL,"[7102, 7103, 7104, 7201, 7105, 7106, 7001, 7002, 7003, 7004, 6001, 6002, 6003, 6004]"
1325221715100SRHT0,"[7001, 7002, 7003, 7004, 6001, 6002, 6003, 6004]"
1425118916008QRBT0,"[7801, 7802, 7803, 7804, 6802, 6803, 8501, 8502, 7101, 7102, 7103, 7104, 7201, 7105, 7106]"
1325114613071TTMX0,"[7501, 7502, 7503]"
1325114612069TUHL0,"[7801, 7802, 7803, 8001, 8002, 8003, 6909, 6911, 8301, 8302, 8501, 8201]"
1225219015010QSTL0,"[7101, 7102, 7104, 7105, 7106]"
1325121715100SRXT0,"[7801, 7802, 7803, 7804, 6802, 6803, 8501, 8502, 7101, 7102, 7103, 7104, 7201, 7105, 7106]"
1325123715105SRXT0,"[7801, 7802, 7803, 7804, 6802, 6803, 8501, 8502]"
1325223517104HRHT0,"[7001, 7002, 7003, 7004, 6001, 6002, 6003, 6004]"
1325217514082HVECL,"[7102, 7103, 7104, 7201, 7105, 7106, 7001, 7002, 7003, 7004, 6001, 6002, 6003, 6004]"
1D25218014012QSTL0,"[7803, 7804, 8501, 8502]"
1325226517112HRHT0,"[7001, 7002, 7003, 7004, 6001, 6002, 6003, 6004]"
1325222317101VUX10,"[7001, 7002, 7003, 7004, 6001, 6002, 6003, 6004]"
1325222417099HURL0,"[7001, 7002, 7003, 7004, 6001, 6002, 6003, 6004]"
1325223317103VUX10,"[7001, 7002, 7003, 7004, 6001, 6002, 6003, 6004]"
1325222217098VUX10,"[7001, 7002, 7003, 7004, 6001, 6002, 6003, 6004]"
1325223317099VUX10,"[7001, 7002, 7003, 7004, 6001, 6002, 6003, 6004]"
1D25212812074FXC10,"[8001, 8002, 8003, 8301, 8302, 8501, 8201]"
1325223517104HBHT0,"[7001, 7002, 7003, 7004, 6001, 6002, 6003, 6004]"
1325221417100HURL1,"[7001, 7002, 7003, 7004, 6001, 6002, 6003, 6004]"
1D25212812086FXPC0,"[8002, 6909, 8301, 8302, 8501, 8201]"
1325218515088HURP0,"[7101, 7102, 7103, 7104, 7201, 7105, 7106, 7001, 7002, 7003, 7004, 6001, 6002, 6003, 6004]"
1225219015012NSTL0,"[7101, 7102, 7104, 7105, 7106]"
1325223916120QRAB0,"[7804, 8501, 8502]"
1325223517104HRPG0,"[7001, 7002, 7003, 7004, 6001, 6002, 6003, 6004]"
1325219316087VURP0,"[7001, 7002, 7003, 7004, 6001, 6002, 6003, 6004]"
1F15220013540DLVX0,"[7801, 7802, 7803, 8501, 8502]"
1F15224013570DLVX0,"[7801, 7802, 7803, 8501, 8502]"
1D25214012008QSTL0,"[7801, 7802, 7803, 6909, 8301, 8302, 8501]"
1325218515088HTMX0,"[7001, 7002, 7003, 7004, 6001, 6002, 6003, 6004]"
1225119015010QSTL0,"[7101, 7102, 7104, 7105, 7106]"
1D25218014012NSTL0,"[7803, 7804, 8501, 8502]"
1325216814085SUTR0,"[7001, 7002, 7003, 7004, 6001, 6002, 6003, 6004]"
1F15224013570WLVX0,"[7801, 7802, 7803, 8501, 8502]"
1325219416089HRHE0,"[7001, 7002, 7003, 7004, 6001, 6002, 6003, 6004]"
1325219416089VURL0,"[7001, 7002, 7003, 7004, 6001, 6002, 6003, 6004]"
1325219415088VURL1,"[7001, 7002, 7003, 7004, 6001, 6002, 6003, 6004]"
1325216514079TTMX0,"[7001, 7002, 7003, 7004, 6001, 6002, 6003, 6004]"
1F15220013540WLVX0,"[7801, 7802, 7803, 8501, 8502]"
1D25218014010NSTL0,"[7803, 7804, 8501, 8502]"
1325217515084HURL3,"[7001, 7002, 7003, 7004, 6001, 6002, 6003, 6004]"
1325214813075STMX0,"[7102, 7103, 7104, 7201, 7105, 7106]"
1458013ULTNEOTLTST,"[7102, 7103, 7104, 7201, 7105, 7106]"
1325214813075SUNET,"[7102, 7103, 7104, 7201, 7105, 7106]"
1D25215013008SXC11,"[7801, 7802, 7803, 8301, 8302, 8501, 8502]"
1225170015012NSTL0,"[7101, 7102, 7104, 7105, 7106]"
1325221715100SRHTS,"[7001, 7002, 7003, 7004, 6001, 6002, 6003, 6004]"
1325228716126KRMT0,"[7101, 7102, 7104, 7105, 7106]"
1325221318099HURL0,"[7001, 7002, 7003, 7004, 6001, 6002, 6003, 6004]"
1325225518115QRAT0,"[7001, 7002, 7003, 7004, 6001, 6002, 6003, 6004]"
1325223616105HRHT0,"[7101, 7102, 7103, 7104, 7201, 7105, 7106]"
1325217514082TUTR0,"[7102, 7103, 7104, 7201, 7105, 7106]"
1325216513077TUHL0,"[7501, 7502, 7503]"
1325216614081STMX0,"[7001, 7002, 7003, 7004, 6001, 6002, 6003, 6004]"
1325218514086HURL0,"[7001, 7002, 7003, 7004, 6001, 6002, 6003, 6004]"
1325221416095VURL1,"[7001, 7002, 7003, 7004, 6001, 6002, 6003, 6004]"
1325226517112HBHT0,"[7001, 7002, 7003, 7004, 6001, 6002, 6003, 6004]"
1225175015012LSTL0,"[7101, 7102, 7104, 7105, 7106]"
1225222716121NXC11,"[7803, 7804, 8501, 8502]"
1325216614081SUTR0,"[7001, 7002, 7003, 7004, 6001, 6002, 6003, 6004]"
1325220416092VURP0,"[7001, 7002, 7003, 7004, 6001, 6002, 6003, 6004]"
1325218615089HURL0,"[7001, 7002, 7003, 7004, 6001, 6002, 6003, 6004]"
1325220516095HTMX0,"[7001, 7002, 7003, 7004, 6001, 6002, 6003, 6004]"
1325218416086VURL0,"[7001, 7002, 7003, 7004, 6001, 6002, 6003, 6004]"
1325217413077HUHL1,"[7501, 7502, 7503]"
1325216612077HUHL0,"[7801, 7802, 7803, 8001, 8002, 8003, 6909, 6911, 8301, 8302, 8501, 8201]"
1325225517114TRHB0,"[7001, 7002, 7003, 7004, 6001, 6002, 6003, 6004]"
1325217613082TUNE0,"[7102, 7103, 7104, 7201, 7105, 7106]"
1325221416095HURL0,"[7001, 7002, 7003, 7004, 6001, 6002, 6003, 6004]"
1D25114012008QSTL0,"[7801, 7802, 7803, 6909, 8301, 8302, 8501]"
1325219515091HULW0,"[7001, 7002, 7003, 7004, 6001, 6002, 6003, 6004]"
1325220516095HURL3,"[7001, 7002, 7003, 7004, 6001, 6002, 6003, 6004]"
1325218614088TVECE,"[7102, 7103, 7104, 7201, 7105, 7106]"
1325121715010SRBT0,"[7101, 7102, 7103, 7104, 7201, 7105, 7106]"
1325221417100HURS0,"[7001, 7002, 7003, 7004, 6001, 6002, 6003, 6004]"
1325221416095VURS0,"[7001, 7002, 7003, 7004, 6001, 6002, 6003, 6004]"
1325216814085TURS0,"[7001, 7002, 7003, 7004, 6001, 6002, 6003, 6004]"
1325218515088TURS0,"[7001, 7002, 7003, 7004, 6001, 6002, 6003, 6004]"
1225223516121RBVNE,"[7101, 7102, 7103, 7104, 7201, 7105, 7106]"
1325223616106HRHR0,"[7101, 7102, 7103, 7104, 7201, 7105, 7106]"
1225223516121RBVN0,"[7101, 7102, 7103, 7104, 7201, 7105, 7106]"
1325225518111HRHB1,"[7001, 7002, 7003, 7004, 6001, 6002, 6003, 6004]"
1325223418103HRHR0,"[7001, 7002, 7003, 7004, 6001, 6002, 6003, 6004]"
1325217613082TUNE2,"[7102, 7103, 7104, 7201, 7105, 7106]"
1325217514082HURL2,"[7102, 7103, 7104, 7201, 7105, 7106, 7001, 7002, 7003, 7004, 6001, 6002, 6003, 6004]"
